Layer,Learning Rate,Accuracy
"(100, 200)",0.1,0.6240118577075098
"(100, 200)",0.01,0.5553359683794467
"(100, 100)",0.1,0.566699604743083
"(100, 100)",0.01,0.5345849802371542
"(100, 50)",0.1,0.5785573122529644
"(100, 50)",0.01,0.5785573122529644
